{"cameraMode":{"drawMode":0,"name":"Shaded","section":"Shading Mode"},"sceneLighting":true,"audioPlay":false,"sceneViewState":{"showFog":true,"showMaterialUpdate":true,"showSkybox":true,"showFlares":true,"showImageEffects":true,"showParticleSystems":true},"in2DMode":false,"pivot":{"x":0.24512025713920594,"y":0.22769881784915925,"z":1.9833431243896485},"rotation":{"x":-0.19405072927474976,"y":-0.017330888658761979,"z":0.0037277736701071264,"w":-0.9809285998344421},"size":2.7141005992889406,"orthographic":false}