{"cameraMode":{"drawMode":0,"name":"Shaded","section":"Shading Mode"},"sceneLighting":true,"audioPlay":false,"sceneViewState":{"showFog":true,"showMaterialUpdate":true,"showSkybox":true,"showFlares":true,"showImageEffects":true,"showParticleSystems":true},"in2DMode":false,"pivot":{"x":0.24512025713920594,"y":0.22769881784915925,"z":1.9833431243896485},"rotation":{"x":-0.14529767632484437,"y":0.012190138921141625,"z":-0.0014875561464577914,"w":-0.9894087910652161},"size":2.7141005992889406,"orthographic":false}